{
    "HEIGHT": 400,
    "WIDTH": 400,
    "OBSTACLES": [[[110,120], [130,120], [130,140], [110,140]],
                  [[100,140], [120,140], [120,160], [100,160]],
                  [[130,140], [150,140], [150,160], [130,160]],
                  [[130,260], [130,280], [150,280], [150,260]],
                  [[170,260], [170,280], [190,280], [190,260]],
                  [[150,280], [150,300], [170,300], [170,280]]],
    "INSPECTOR_START": [-1.78, 0.2, -0.15, -0.1],
    "GRIPPER_PLAN_FILENAME": "plan_mp_p2"
}